Date Sold,Parcel Number,Legal Description,APN,Owner Name Address,longitude,latitude,Situs Address,URL,Source,Page No.
Could not process page 1
Could not process page 2
Could not process page 3
Could not process page 4
Could not process page 5
Could not process page 6
Could not process page 7
Could not process page 8
Could not process page 9
Could not process page 10
Could not process page 11
Could not process page 12
Could not process page 13
Could not process page 14
Could not process page 15
Could not process page 16
Could not process page 17
Could not process page 18
Could not process page 19
Could not process page 20
Could not process page 21
Could not process page 22
Could not process page 23
Could not process page 24
Could not process page 25
Could not process page 26
Could not process page 27
Could not process page 28
Could not process page 29
Could not process page 30
Could not process page 31
Could not process page 32
Could not process page 33
Could not process page 34
Could not process page 35
Could not process page 36
Could not process page 37
Could not process page 38
Could not process page 39
Could not process page 40
Could not process page 41
Could not process page 42
Could not process page 43
Could not process page 44
Could not process page 45
Could not process page 46
Could not process page 47
Could not process page 48
Could not process page 49
Could not process page 50
Could not process page 51
Could not process page 52
Could not process page 53
Could not process page 54
Could not process page 55
Could not process page 56
Could not process page 57
Could not process page 58
Could not process page 59
Could not process page 60
Could not process page 61
Could not process page 62
Could not process page 63
Could not process page 64
Could not process page 65
Could not process page 66
Could not process page 67
Could not process page 68
Could not process page 69
Could not process page 70
Could not process page 71
Could not process page 72
Could not process page 73
Could not process page 74
Could not process page 75
Could not process page 76
Could not process page 77
Could not process page 78
Could not process page 79
Could not process page 80
Could not process page 81
Could not process page 82
Could not process page 83
Could not process page 84
Could not process page 85
Could not process page 86
Could not process page 87
Could not process page 88
Could not process page 89
Could not process page 90
Could not process page 91
Could not process page 92
Could not process page 93
Could not process page 94
Could not process page 95
Could not process page 96
Could not process page 97
Could not process page 98
Could not process page 99
Could not process page 100
Could not process page 101
Could not process page 102
Could not process page 103
Could not process page 104
Could not process page 105
Could not process page 106
Could not process page 107
Could not process page 108
Could not process page 109
Could not process page 110
Could not process page 111
Could not process page 112
Could not process page 113
Could not process page 114
Could not process page 115
Could not process page 116
Could not process page 117
Could not process page 118
Could not process page 119
Could not process page 120
Could not process page 121
Could not process page 122
Could not process page 123
Could not process page 124
Could not process page 125
Could not process page 126
Could not process page 127
Could not process page 128
Could not process page 129
Could not process page 130
Could not process page 131
Could not process page 132
Could not process page 133
Could not process page 134
Could not process page 135
Could not process page 136
Could not process page 137
Could not process page 138
Could not process page 139
Could not process page 140
Could not process page 141
Could not process page 142
Could not process page 143
Could not process page 144
Could not process page 145
Could not process page 146
Could not process page 147
Could not process page 148
Could not process page 149
Could not process page 150
Could not process page 151
Could not process page 152
Could not process page 153
Could not process page 154
Could not process page 155
Could not process page 156
Could not process page 157
Could not process page 158
Could not process page 159
Could not process page 160
Could not process page 161
Could not process page 162
Could not process page 163
Could not process page 164
Could not process page 165
Could not process page 166
Could not process page 167
Could not process page 168
Could not process page 169
Could not process page 170
Could not process page 171
Could not process page 172
Could not process page 173
Could not process page 174
Could not process page 175
Could not process page 176
Could not process page 177
Could not process page 178
Could not process page 179
Could not process page 180
Could not process page 181
Could not process page 182
Could not process page 183
Could not process page 184
Could not process page 185
Could not process page 186
Could not process page 187
Could not process page 188
Could not process page 189
Could not process page 190
Could not process page 191
Could not process page 192
Could not process page 193
Could not process page 194
Could not process page 195
Could not process page 196
Could not process page 197
Could not process page 198
Could not process page 199
Could not process page 200
Could not process page 201
Could not process page 202
Could not process page 203
Could not process page 204
Could not process page 205
Could not process page 206
Could not process page 207
Could not process page 208
Could not process page 209
Could not process page 210
Could not process page 211
Could not process page 212
Could not process page 213
Could not process page 214
Could not process page 215
Could not process page 216
Could not process page 217
Could not process page 218
Could not process page 219
Could not process page 220
Could not process page 221
Could not process page 222
Could not process page 223
Could not process page 224
Could not process page 225
Could not process page 226
Could not process page 227
Could not process page 228
Could not process page 229
Could not process page 230
Could not process page 231
Could not process page 232
Could not process page 233
Could not process page 234
Could not process page 235
Could not process page 236
Could not process page 237
Could not process page 238
Could not process page 239
Could not process page 240
Could not process page 241
Could not process page 242
Could not process page 243
Could not process page 244
Could not process page 245
Could not process page 246
Could not process page 247
Could not process page 248
Could not process page 249
Could not process page 250
Could not process page 251
Could not process page 252
Could not process page 253
Could not process page 254
Could not process page 255
Could not process page 256
Could not process page 257
Could not process page 258
Could not process page 259
Could not process page 260
Could not process page 261
Could not process page 262
Could not process page 263
Could not process page 264
Could not process page 265
Could not process page 266
Could not process page 267
Could not process page 268
Could not process page 269
Could not process page 270
Could not process page 271
Could not process page 272
Could not process page 273
Could not process page 274
Could not process page 275
Could not process page 276
Could not process page 277
Could not process page 278
Could not process page 279
Could not process page 280
Could not process page 281
Could not process page 282
Could not process page 283
Could not process page 284
Could not process page 285
Could not process page 286
Could not process page 287
Could not process page 288
Could not process page 289
Could not process page 290
Could not process page 291
Could not process page 292
Could not process page 293
Could not process page 294
Could not process page 295
Could not process page 296
Could not process page 297
Could not process page 298
Could not process page 299
Could not process page 300
Could not process page 301
Could not process page 302
Could not process page 303
Could not process page 304
Could not process page 305
Could not process page 306
Could not process page 307
Could not process page 308
Could not process page 309
Could not process page 310
Could not process page 311
Could not process page 312
Could not process page 313
Could not process page 314
Could not process page 315
Could not process page 316
Could not process page 317
Could not process page 318
Could not process page 319
Could not process page 320
Could not process page 321
Could not process page 322
Could not process page 323
Could not process page 324
Could not process page 325
Could not process page 326
Could not process page 327
Could not process page 328
Could not process page 329
Could not process page 330
Could not process page 331
Could not process page 332
Could not process page 333
Could not process page 334
Could not process page 335
Could not process page 336
Could not process page 337
Could not process page 338
Could not process page 339
Could not process page 340
Could not process page 341
Could not process page 342
Could not process page 343
Could not process page 344
Could not process page 345
Could not process page 346
Could not process page 347
Could not process page 348
Could not process page 349
Could not process page 350
Could not process page 351
Could not process page 352
Could not process page 353
Could not process page 354
Could not process page 355
Could not process page 356
Could not process page 357
Could not process page 358
Could not process page 359
Could not process page 360
Could not process page 361
Could not process page 362
Could not process page 363
Could not process page 364
Could not process page 365
Could not process page 366
Could not process page 367
Could not process page 368
Could not process page 369
Could not process page 370
Could not process page 371
Could not process page 372
Could not process page 373
Could not process page 374
Could not process page 375
Could not process page 376
Could not process page 377
Could not process page 378
Could not process page 379
Could not process page 380
Could not process page 381
Could not process page 382
Could not process page 383
Could not process page 384
Could not process page 385
Could not process page 386
Could not process page 387
Could not process page 388
Could not process page 389
Could not process page 390
Could not process page 391
Could not process page 392
Could not process page 393
Could not process page 394
Could not process page 395
Could not process page 396
Could not process page 397
Could not process page 398
Could not process page 399
Could not process page 400
Could not process page 401
Could not process page 402
Could not process page 403
Could not process page 404
Could not process page 405
Could not process page 406
Could not process page 407
Could not process page 408
Could not process page 409
Could not process page 410
Could not process page 411
Could not process page 412
Could not process page 413
Could not process page 414
Could not process page 415
Could not process page 416
Could not process page 417
Could not process page 418
Could not process page 419
Could not process page 420
Could not process page 421
Could not process page 422
Could not process page 423
